09:00-18:00;09:00-18:00;09:00-18:00;09:00-18:00;09:00-18:00;12:00-16:00,18:00-20:00;10:00-16:00,18:00-20:00
09:00-17:00;09:00-17:00;09:00-17:00;09:00-17:00;09:00-17:00;geschlossen;10:00-16:00,18:00-20:00
08:30-17:30;08:30-17:30;08:30-17:30;08:30-17:30;08:30-17:30;12:00-16:00;10:30-15:30,18:00-21:00
10:00-19:00;10:00-19:00;10:00-16:00,20:00-23:30;10:00-16:00,20:00-23:30;10:00-16:00,20:00-23:30;geschlossen;11:00-17:00
geschlossen;08:00-17:00;08:00-17:00,20:00-22:00;08:00-17:00,20:00-22:00;09:00-17:00;geschlossen;10:00-15:00
09:30-18:30;09:30-18:30;09:30-18:30;09:30-18:30;09:30-18:30;geschlossen;10:30-16:30
10:30-17:30;10:30-17:30;10:30-17:30;geschlossen;10:30-17:30;12:00-16:00;11:00-15:00
geschlossen;08:00-16:00;08:00-16:00;08:00-16:00;08:00-16:00;geschlossen;09:00-14:00
09:00-17:00;09:00-17:00;09:00-17:00;09:00-17:00;09:00-17:00;12:00-16:00;10:00-16:00
10:00-18:00;10:00-18:00;10:00-18:00;10:00-18:00;10:00-18:00;geschlossen;11:00-17:00
geschlossen;09:00-19:00;09:00-19:00;geschlossen;09:00-19:00;10:00-16:00
10:00-18:00;10:00-18:00;geschlossen;10:00-18:00;10:00-18:00;11:00-17:00
geschlossen;08:00-17:00;08:00-17:00;08:00-17:00;08:00-17:00;geschlossen;09:00-15:00
09:00-17:00;09:00-17:00;geschlossen;09:00-17:00;09:00-17:00;12:00-16:00;10:00-16:00
10:00-18:00;10:00-18:00;10:00-18:00;10:00-18:00;10:00-18:00;geschlossen;11:00-17:00
geschlossen;09:00-19:00;09:00-19:00;09:00-19:00;09:00-19:00;10:00-16:00
10:00-18:00;10:00-18:00;10:00-18:00;10:00-18:00;10:00-18:00;12:00-16:00;11:00-17:00
geschlossen;08:00-17:00;08:00-17:00;08:00-17:00;09:00-17:00;geschlossen;10:00-15:00
09:30-18:30;09:30-18:30;09:30-18:30;09:30-18:30;09:30-18:30;geschlossen;10:30-16:30
10:30-17:30;10:30-17:30;10:30-17:30;10:30-17:30;10:30-17:30;geschlossen;11:00-15:00
geschlossen;08:00-16:00;08:00-16:00;08:00-16:00;08:00-16:00;geschlossen;09:00-14:00,18:00-20:00
09:00-17:00;09:00-17:00;09:00-17:00;09:00-17:00;09:00-17:00;geschlossen;10:00-16:00
10:00-18:00;10:00-18:00;10:00-18:00;10:00-18:00;10:00-18:00;geschlossen;11:00-17:00
geschlossen;09:00-19:00;09:00-19:00;09:00-19:00;09:00-19:00;10:00-16:00
10:00-18:00;10:00-18:00;10:00-18:00;geschlossen;10:00-18:00;11:00-17:00
geschlossen;08:00-17:00;08:00-17:00;08:00-17:00;08:00-17:00;geschlossen;09:00-15:00
09:00-17:00;09:00-17:00;geschlossen;09:00-17:00;09:00-17:00;12:00-16:00;10:00-16:00
10:00-18:00;10:00-18:00;10:00-18:00;10:00-18:00;10:00-18:00;geschlossen;8:00-14:00,18:00-20:00
geschlossen;09:00-19:00;09:00-19:00;09:00-19:00;geschlossen;10:00-16:00
10:00-18:00;10:00-18:00;10:00-18:00;10:00-18:00;10:00-18:00;12:00-16:00;11:00-18:00
geschlossen;08:00-17:00;08:00-17:00;08:00-17:00;09:00-17:00;geschlossen;10:00-16:00
geschlossen;09:00-18:00;09:00-18:00;09:00-18:00;09:00-18:00;12:00-16:00;10:00-16:00
8:00-14:00,18:00-20:00;geschlossen;8:00-14:00,18:00-20:00;09:00-17:00;geschlossen;10:00-16:00;11:00-17:00
08:30-17:30;08:30-17:30;geschlossen;08:30-17:30;12:00-16:00;10:30-15:30,18:00-20:00;09:00-15:00
geschlossen;10:00-19:00;10:00-19:00;10:00-19:00;10:00-19:00;geschlossen;11:00-17:00
08:00-17:00;08:00-17:00;geschlossen;08:00-17:00;09:00-15:00;10:00-15:00;12:00-16:00
09:30-18:30;09:30-18:30;09:30-18:30;09:30-18:30;geschlossen;10:30-16:30;11:00-17:00
geschlossen;10:30-17:30;10:30-17:30;10:30-17:30;10:30-17:30;geschlossen;11:00-15:00;09:00-14:00
08:00-16:00;08:00-16:00;geschlossen;08:00-16:00;09:00-14:00;10:00-15:00;12:00-16:00
09:00-17:00;09:00-17:00;09:00-17:00;geschlossen;09:00-17:00;10:00-16:00;11:00-17:00
geschlossen;09:00-19:00;09:00-19:00;09:00-19:00;geschlossen;10:00-16:00;12:00-16:00
09:00-18:00;09:00-18:00;geschlossen;09:00-18:00;10:00-16:00;11:00-17:00;12:00-16:00
10:00-18:00;10:00-18:00;geschlossen;10:00-18:00;11:00-17:00;09:00-15:00;12:00-16:00
geschlossen;09:00-20:00;09:00-20:00;09:00-20:00;09:00-20:00;10:00-16:00;11:00-17:00
08:00-17:00;08:00-17:00;geschlossen;08:00-17:00;09:00-15:00;10:00-16:00;12:00-16:00
09:00-17:00;09:00-17:00;geschlossen;09:00-17:00;10:00-16:00;11:00-17:00;12:00-16:00
geschlossen;09:00-19:00;09:00-19:00;09:00-19:00;geschlossen;10:00-16:00;11:00-17:00
09:00-18:00;09:00-18:00;geschlossen;09:00-18:00;10:00-16:00;12:00-16:00;11:00-17:00
10:00-18:00;10:00-18:00;geschlossen;10:00-18:00;11:00-17:00;09:00-15:00;12:00-16:00
geschlossen;09:00-20:00;09:00-20:00;09:00-20:00;09:00-20:00;10:00-16:00;11:00-17:00